Pages les plus populaires,Clics,Impressions,CTR,Position
https://www.joventy.cd/,5,67,7.46%,6.67
https://joventy.cd/visa-royaume-uni-kinshasa,4,184,2.17%,9.18
https://joventy.cd/e-visa-dubai-kinshasa,3,222,1.35%,7.26
https://joventy.cd/visa-espagne-kinshasa,1,357,0.28%,9.11
https://joventy.cd/guides/suspension-visa-canada-rdc-ebola-2026,1,246,0.41%,9.26
https://www.joventy.cd/visa-turquie-kinshasa,1,190,0.53%,9.02
https://joventy.cd/login,1,22,4.55%,3
https://joventy.cd/guides/purger-21-jours-ebola-pays-neutre-visa-usa-2026,1,11,9.09%,6.27
https://joventy.cd/register,1,7,14.29%,3
https://joventy.cd/guides/visa-schengen-digital-2026,1,5,20%,7.8
https://www.joventy.cd/visa-espagne-kinshasa,0,195,0%,7.89
https://joventy.cd/visa-turquie-kinshasa,0,74,0%,8.84
https://www.joventy.cd/guides/delais-visa-usa-canada-schengen-kinshasa-2025,0,41,0%,6.51
https://joventy.cd/e-visa-inde-kinshasa,0,36,0%,8.72
https://www.joventy.cd/e-visa-inde-kinshasa,0,34,0%,8.82
https://joventy.cd/visa-canada-kinshasa,0,31,0%,12.35
https://joventy.cd/mentions-legales,0,26,0%,5.23
https://www.joventy.cd/guides/documents-visa-schengen-kinshasa,0,17,0%,9.41
https://joventy.cd/guides/coupe-du-monde-2026-visa-usa-kinshasa,0,16,0%,6.5
https://joventy.cd/visa-suisse-kinshasa,0,15,0%,9.8
https://joventy.cd/conditions,0,10,0%,3
https://joventy.cd/confidentialite,0,10,0%,4.9
https://www.joventy.cd/visa-suisse-kinshasa,0,9,0%,8.33
https://joventy.cd/guides/delais-visa-usa-canada-schengen-kinshasa-2025,0,6,0%,9.17
https://joventy.cd/remboursement,0,4,0%,5.5
https://www.joventy.cd/guides/entretien-visa-usa-b1-b2-questions,0,4,0%,19
https://www.joventy.cd/visa-canada-kinshasa,0,3,0%,9
https://www.joventy.cd/guides/coupe-du-monde-2026-visa-usa-kinshasa,0,2,0%,4
https://www.joventy.cd/guides/payer-frais-mrv-visa-usa-kinshasa,0,2,0%,5.5
https://joventy.cd/prix,0,2,0%,10.5
http://joventy.cd/,0,1,0%,5
https://www.joventy.cd/register,0,1,0%,6
https://clerk.joventy.cd/,0,1,0%,7
https://www.joventy.cd/guides/purger-21-jours-ebola-pays-neutre-visa-usa-2026,0,1,0%,10