Requêtes les plus fréquentes,22/06/2026 - 28/06/2026 Clics,15/06/2026 - 21/06/2026 Clics,22/06/2026 - 28/06/2026 Impressions,15/06/2026 - 21/06/2026 Impressions,22/06/2026 - 28/06/2026 CTR,15/06/2026 - 21/06/2026 CTR,22/06/2026 - 28/06/2026 Position,15/06/2026 - 21/06/2026 Position
rendez-vous visa espagne kinshasa,1,0,41,0,2.44%,0%,9.17,0
visa espagne en rdc,0,0,145,0,0%,0%,8.94,0
rendez-vous espagne kinshasa,0,0,129,0,0%,0%,9.46,0
rendez vous espagne,0,0,93,0,0%,0%,6.55,0
rendez vous espagne kinshasa,0,0,37,0,0%,0%,9.03,0
rendez-vous ambassade espagne kinshasa,0,0,36,0,0%,0%,9.64,0
rendez vous ambassade espagne kinshasa,0,0,26,0,0%,0%,10.42,0
rendez-vous espagne rdc,0,0,15,0,0%,0%,8.93,0
rendez-vous espagne,0,0,7,0,0%,0%,8.43,0
rdv espagne rdc,0,0,4,0,0%,0%,8.25,0
visa espagne kinshasa,0,0,3,0,0%,0%,8.67,0
demande visa espagne kinshasa,0,0,3,0,0%,0%,10,0
consulat espagne kinshasa,0,0,2,0,0%,0%,9.5,0
demande visa pour espagne,0,0,1,0,0%,0%,1,0
visa schengen espagne,0,0,1,0,0%,0%,1,0
rendezvous espagne,0,0,1,0,0%,0%,5,0
rendez vous visa espagne,0,0,1,0,0%,0%,7,0
à kinshasa,0,0,1,0,0%,0%,10,0
visa espagne en rdc prix,0,0,1,0,0%,0%,11,0