Requêtes les plus fréquentes,Clics,Impressions,CTR,Position
rendez-vous visa espagne kinshasa,2,68,2.94%,8.15
visa dubai rdc prix,2,33,6.06%,7.33
visa espagne en rdc,1,274,0.36%,8.32
rendez-vous espagne rdc,1,88,1.14%,6.49
visa dubai rdc,1,45,2.22%,7.51
ambassade d'espagne à kinshasa,1,43,2.33%,9.33
rendez vous visa espagne,1,26,3.85%,6.85
demande de visa angleterre en rdc,1,13,7.69%,9.23
rendez vous schengen,1,3,33.33%,9
rendez vous espagne,0,981,0%,5.5
rendez-vous espagne kinshasa,0,286,0%,7.22
rendez-vous espagne,0,256,0%,5.64
rendez vous espagne kinshasa,0,91,0%,7.37
rendez-vous ambassade espagne kinshasa,0,75,0%,7.57
ambassade d'espagne a kinshasa,0,59,0%,10.56
ambassade espagne kinshasa,0,55,0%,8.11
espagne rendez vous visa,0,52,0%,7.6
centre de visa chine kinshasa,0,50,0%,9.94
ambassade de l'espagne à kinshasa,0,47,0%,10.72
rdv espagne,0,43,0%,5.42
rendez vous ambassade espagne kinshasa,0,37,0%,8.78
visa turquie en rdc,0,35,0%,7.83
cev kinshasa,0,29,0%,7.45
visaforchina kinshasa,0,29,0%,11.03
prendre rendez-vous espagne,0,26,0%,7.19
espagne rendez vous,0,24,0%,6.33
visa angleterre rdc,0,23,0%,9.22
rdv angleterre,0,22,0%,6.27
centre de visa chine,0,22,0%,6.73
prendre rendez vous espagne,0,20,0%,6.15
comment prendre un rendez-vous au cev,0,17,0%,8.88
visa espagne kinshasa,0,15,0%,4.13
procedure rendez vous espagne,0,14,0%,5.71
ambassade d'espagne en rdc,0,13,0%,8.54
visa inde en rdc,0,13,0%,11.62
rdv espagne rdc,0,12,0%,6.25
visa espagne en rdc prix,0,11,0%,6.45
comment avoir un rendez vous à l ambassade d espagne,0,10,0%,5
visa dubaï pour congolais,0,10,0%,8.7
ambassade espagne rdc,0,10,0%,9.2
visa angleterre congo,0,9,0%,8.11
schengen kinshasa,0,9,0%,9.11
cev kinshasa rendez-vous en ligne,0,9,0%,9.67
rendez espagne,0,8,0%,3.75
visa chine kinshasa,0,8,0%,11.25
prix visa usa en rdc,0,7,0%,6.14
visa usa en rdc prix,0,7,0%,7.14
cev kinshasa rendez-vous,0,7,0%,9.43
visa turquie rdc,0,7,0%,10.71
visa chine en rdc,0,6,0%,8.33
demande visa espagne kinshasa,0,5,0%,8.8
china visa kinshasa,0,5,0%,9.4
oui,0,4,0%,3
emb.kinshasa.citasvis@maec.es,0,4,0%,3.75
ambassade d'espagne kinshasa,0,4,0%,5.75
visa espagne 2026,0,3,0%,3
prise de rendez vous espagne,0,3,0%,4
rendez-vous ambassade espagne,0,3,0%,6
ambassade espagne,0,3,0%,7
visa londres kinshasa,0,3,0%,7
demande de rendez vous espagne,0,3,0%,7.33
assistance visas,0,3,0%,9
procedure de demande de rendez vous espagne,0,3,0%,9
ambassade de l'espagne en rdc,0,3,0%,10
angleterre rdv,0,3,0%,11.33
visa dubaï rdc prix,0,3,0%,11.33
www cev kin eu formulaire,0,3,0%,17.33
demande rendez vous visa espagne,0,3,0%,25
rdv ambassade espagne,0,2,0%,4.5
maison schengen kinshasa rendez-vous,0,2,0%,7
ambassade d’espagne a kinshasa,0,2,0%,9
consulat espagne kinshasa,0,2,0%,9.5
visa turquie en rdc prix,0,2,0%,9.5
visa territorial espagne kinshasa,0,2,0%,10
ambassade d espagne en rdc,0,2,0%,10.5
formulaire ds-160 usa kinshasa,0,2,0%,10.5
visas chine,0,2,0%,11
visa chine en rdc prix,0,2,0%,11.5
ambassade turquie en rdc,0,2,0%,16.5
acces canada kinshasa,0,2,0%,30.5
agence de voyage,0,1,0%,1
assistance visa,0,1,0%,1
demande visa pour espagne,0,1,0%,1
est il fiable ?,0,1,0%,1
formulaire de demande de visa espagne en rdc,0,1,0%,1
visa schengen espagne,0,1,0%,1
rdc angleterre,0,1,0%,2
ambassade usa kinshasa,0,1,0%,3
rdc angleter,0,1,0%,4
visa coupe du monde 2026 prix,0,1,0%,4
rendezvous espagne,0,1,0%,5
centre européen de visa,0,1,0%,6
citaconsular.es,0,1,0%,6
procédure de demande de rendez-vous espagne,0,1,0%,6
visa espagne rendez vous,0,1,0%,7
espagne rdv,0,1,0%,8
rendez-vous visa espagne,0,1,0%,8
prendre rendez-vous visa espagne,0,1,0%,9
visa pour coupe du monde 2026,0,1,0%,9
ambassade de l espagne en rdc,0,1,0%,10
ambassade espagne kinshasa adresse,0,1,0%,10
china visa application kinshasa,0,1,0%,10
à kinshasa,0,1,0%,10
ambassade de espagne en rdc,0,1,0%,11
cev formulaire en ligne,0,1,0%,11
demande de visa espagne en rdc,0,1,0%,11
rendez-vous canada kinshasa,0,1,0%,11
tourisme,0,1,0%,11
visa chine,0,1,0%,11
visa turquie pour congolais,0,1,0%,11
documents à fournir pour visa turquie en rdc,0,1,0%,12
uk visa application centre kinshasa,0,1,0%,12
visa chine rdc prix,0,1,0%,12
ambassade de turquie en rdc,0,1,0%,13
visa chine rdc,0,1,0%,13
ambassade suisse kinshasa,0,1,0%,20
cvs kinshasa,0,1,0%,27
frais de visa usa,0,1,0%,27
préparation aux entretiens à l’ambassade,0,1,0%,28
ambassade uk kinshasa,0,1,0%,29
ambassade grande bretagne kinshasa,0,1,0%,37
prix visa rdc canada,0,1,0%,44
document a fournir pour visa schengen,0,1,0%,47
visa schengen,0,1,0%,56
rdc2026,0,1,0%,72